id,chain,dept,category,company,brand,date,productsize,productmeasure,purchasequantity,purchaseamount
86246,205,7,707,1078778070,12564,3/2/2012,12,OZ,1,7.59
86247,205,63,6319,107654575,17876,3/2/2012,64,OZ,1,1.59
86248,205,97,9753,1022027929,0,3/2/2012,1,CT,1,5.99
86249,205,25,2509,107996777,31373,3/2/2012,16,OZ,1,1.99
86250,205,55,5555,107684070,32094,3/2/2012,16,OZ,2,10.38
86251,205,97,9753,1021015020,0,3/2/2012,1,CT,1,7.8
86252,205,99,9909,104538848,15343,3/2/2012,16,OZ,1,2.49
86253,205,59,5907,102900020,2012,3/2/2012,16,OZ,1,1.39
86254,205,9,921,101128414,9209,3/2/2012,4,OZ,2,1.5
86255,205,73,7344,1068142161,20285,3/2/2012,8,CT,1,5.79
86256,205,41,4107,104113040,28204,3/2/2012,14.5,OZ,1,0.59
86257,205,21,2106,105100050,27873,3/2/2012,64,OZ,1,3.29
86258,205,8,814,102840020,18584,3/2/2012,15.5,OZ,1,3.29
86259,205,91,9122,108200080,2911,3/2/2012,10,OZ,1,1.99
86260,205,41,4120,101116616,15266,3/2/2012,6,OZ,1,0.89
86261,205,63,6315,107996777,31373,3/2/2012,64,OZ,1,3.59
86262,205,9,907,101410010,13791,3/2/2012,24,OZ,1,3.99
86263,205,97,9753,1021013323,0,3/2/2012,1,CT,1,8.87
86264,205,45,4509,1082650484,59628,3/2/2012,16,OZ,1,4.99
86265,205,26,2630,103700030,14647,3/2/2012,56,CT,1,1
86266,205,8,815,103900030,13296,3/2/2012,8,OZ,1,1.89
86267,205,81,8101,102820020,11186,3/2/2012,1,CT,1,4.77
86268,205,56,5615,101116616,15266,3/2/2012,16,OZ,1,6.29
86269,205,58,5824,108674585,55172,3/2/2012,16,OZ,1,3.29
86270,205,9,907,107225070,12465,3/2/2012,20,OZ,1,2.99
86271,205,97,9753,10000,0,3/2/2012,1,CT,1,0.69
86272,205,8,836,101116616,15266,3/2/2012,64,OZ,1,2.19
86273,205,19,1908,104530040,13915,3/2/2012,13,OZ,1,3.69
86274,205,9,904,1078735979,6734,3/2/2012,5,OZ,1,2.49
86275,205,64,6401,108066080,4098,3/2/2012,144,OZ,1,14.69
86276,205,32,3204,107040474,14245,3/2/2012,8,OZ,1,4.39
86277,205,56,5620,101116616,15266,3/2/2012,8,OZ,1,3.29
86278,205,30,3009,102100020,9886,3/2/2012,8,OZ,1,2.09
86279,205,97,9753,1021013424,0,3/2/2012,1,CT,4,14.64
86280,205,30,3009,104100040,19975,3/2/2012,8,OZ,1,1.79
86281,205,23,2301,101116616,15266,3/2/2012,16,OZ,2,2.59
86282,205,32,3202,101116616,15266,3/2/2012,24,OZ,1,3.19
86283,205,56,5620,102100020,9886,3/2/2012,8,OZ,1,4.59
86284,205,29,2928,104100040,9814,3/2/2012,5.6,OZ,1,1.49
86285,205,19,1905,105150050,16728,3/2/2012,32,OZ,1,2.69
86286,205,31,3101,105250050,15919,3/2/2012,1.7,OZ,1,2.99
86287,205,58,5823,107080070,16704,3/2/2012,16,OZ,1,4.59
86288,205,33,3309,102840020,18584,3/2/2012,13,OZ,1,3.99
86289,205,19,1905,105150050,16728,3/2/2012,18,OZ,1,4.19
86290,205,29,2908,103900030,13296,3/2/2012,16,OZ,1,1.59
86291,205,36,3630,107800070,5208,3/2/2012,144,OZ,1,4.99
86292,205,36,3626,104900040,17186,3/2/2012,144,OZ,1,5.79
86293,205,36,3612,108265787,4687,3/2/2012,128,OZ,1,1.39
86294,205,33,3319,102840020,15598,3/2/2012,9,OZ,1,3.99
86295,205,36,3630,104900040,23359,3/2/2012,144,OZ,1,5.79
86296,205,34,3410,107418272,16853,3/2/2012,7.5,OZ,1,2.19
86297,205,36,3611,108265787,4687,3/2/2012,405.6,OZ,1,6.29
86298,205,8,809,101300010,8164,3/3/2012,12,OZ,1,1.29
86299,205,71,7113,107940070,17521,3/3/2012,12,OZ,1,1
86300,205,60,6010,101116616,15266,3/3/2012,30,OZ,1,2.99
86301,205,81,8101,102820020,11186,3/3/2012,1,CT,2,9.54
86302,205,27,2702,102310020,13705,3/3/2012,17,LB,1,18.89
86303,205,81,8101,102610020,11320,3/3/2012,1,CT,1,3.59
86304,205,64,6408,101323212,40291,3/3/2012,0.75,LT,1,10.29
86305,205,36,3601,104900040,3809,3/4/2012,20,OZ,1,1.69
86306,205,56,5620,107592575,4368,3/4/2012,8,OZ,1,3.19
86307,205,41,4106,101116616,15266,3/4/2012,6.5,OZ,1,1.69
86308,205,63,6316,101116616,15266,3/4/2012,8,OZ,1,1.29
86309,205,33,3307,107641070,10160,3/4/2012,1.5,OZ,2,1
86310,205,23,2301,103340030,68309,3/4/2012,12,OZ,1,1.5
86311,205,44,4402,103100030,1358,3/4/2012,7,OZ,2,1.98
86312,205,26,2633,105400050,16048,3/4/2012,12,RL,1,8.39
86313,205,9,902,107641070,10160,3/4/2012,2.25,OZ,2,1.98
86314,205,56,5613,101116616,15266,3/4/2012,15,OZ,1,2.49
86315,205,8,811,104112949,3635,3/4/2012,24,OZ,1,3.19
86316,205,9,908,104980040,12592,3/4/2012,8,OZ,1,3.99
86317,205,64,6408,108289686,6276,3/5/2012,0.75,LT,1,8.29
86318,205,9,915,107312474,18613,3/5/2012,12,OZ,2,3.48
86319,205,63,6315,104138343,10091,3/5/2012,64,OZ,1,4.39
86320,205,16,1601,102200020,1827,3/5/2012,15,CT,1,1.29
86321,205,58,5899,107117474,22410,3/5/2012,16,OZ,5,13.05
86322,205,36,3611,108265787,4687,3/5/2012,202.8,OZ,1,4.49
86323,205,70,7002,1030813737,25162,3/6/2012,30,CT,1,2.39
86324,205,41,4105,101116616,15266,3/6/2012,14.75,OZ,6,8.34
86325,205,26,2634,103700030,3293,3/6/2012,6,RL,1,4.99
86326,205,41,4105,101116616,15266,3/6/2012,14.5,OZ,4,5.56
86327,205,73,7318,1030004535,10091,3/6/2012,32,CT,1,8.49
86328,205,41,4107,101116616,15266,3/6/2012,14.5,OZ,1,0.69
86329,205,56,5620,101116616,15266,3/6/2012,8,OZ,2,6.18
86330,205,41,4107,101116616,15266,3/6/2012,13.5,OZ,1,1.29
86331,205,75,7501,104589343,17521,3/6/2012,18,OZ,1,3.29
86332,205,37,3703,105100050,2820,3/6/2012,10.75,OZ,1,0.79
86333,205,26,2628,1077191373,13194,3/6/2012,1,RL,1,1
86334,205,29,2904,101600010,7860,3/6/2012,7.2,OZ,1,1.5
86335,205,72,7205,103500030,3830,3/6/2012,4.6,OZ,1,3.99
86336,205,33,3303,104166444,7179,3/6/2012,16,OZ,1,3.49
86337,205,63,6315,101116616,15266,3/6/2012,128,OZ,1,3.69
86338,205,29,2923,104100040,9814,3/6/2012,4.3,OZ,1,1.49
86339,205,21,2116,104300040,26420,3/6/2012,40.5,OZ,1,1.39
86340,205,97,9753,1022042424,0,3/6/2012,1,CT,3,34.99
86341,205,58,5823,107740070,2500,3/6/2012,2,OZ,1,0.89
86342,205,51,5134,107008575,26885,3/6/2012,7,OZ,1,2.69
86343,205,26,2628,104116343,8435,3/6/2012,1,RL,1,2.69
86344,205,97,9753,1022021020,0,3/6/2012,1,CT,3,27.3
86345,205,58,5827,107367575,3012,3/6/2012,12,OZ,2,7.58
86346,205,8,801,101300010,8164,3/6/2012,14,OZ,1,1.79
86347,205,24,2407,101700010,885,3/6/2012,4.75,OZ,1,0.6
86348,205,45,4508,104440040,7504,3/6/2012,11.4,OZ,1,5.49
86349,205,9,920,107978373,1081,3/6/2012,7.4,OZ,3,3
86350,205,51,5125,102580020,16668,3/6/2012,9,OZ,2,7.58
86351,205,5,501,101116616,15266,3/6/2012,17,OZ,1,3.99
86352,205,41,4108,105030050,17737,3/6/2012,15.5,OZ,1,1.29
86353,205,14,1404,102850020,10802,3/6/2012,16,OZ,1,1
86354,205,41,4109,105100050,2820,3/6/2012,11,OZ,2,1.18
86355,205,8,802,107550070,18204,3/6/2012,10,OZ,2,1.78
86356,205,54,5402,101800010,14029,3/6/2012,16.4,OZ,1,2.49
86357,205,9,908,107235979,2011,3/6/2012,10,OZ,1,2.69
86358,205,51,5106,103100030,9626,3/6/2012,8,OZ,1,2.49
86359,205,0,0,10000,0,3/6/2012,0,,2,-6.69
86360,205,51,5106,103100030,9626,3/6/2012,10.1,OZ,1,2.49
86361,205,10,1013,107402777,14200,3/6/2012,8,OZ,1,1
86362,205,54,5403,101800010,14029,3/6/2012,11.5,OZ,1,3.19
86363,205,4,427,102200020,506,3/6/2012,1.76,OZ,1,2.19
86364,205,51,5125,1071785474,11614,3/6/2012,8,OZ,3,5.09
86365,205,10,1013,103890030,5072,3/6/2012,17.2,OZ,1,3.29
86366,205,51,5128,1071785474,11614,3/6/2012,8,OZ,1,1.7
86367,205,63,6328,107590070,2073,3/7/2012,20,OZ,1,4.95
86368,205,4,405,1060069969,55864,3/7/2012,10,OZ,1,1.79
86369,205,63,6313,107357070,8185,3/7/2012,12,OZ,1,2.39
86370,205,55,5567,104154848,5603,3/7/2012,5.8,OZ,1,1.25
86371,205,25,2503,101116616,15266,3/7/2012,8,OZ,1,2.99
86372,205,9,902,101116616,15266,3/7/2012,14.4,OZ,1,3.19
86373,205,63,6315,101116616,15266,3/7/2012,128,OZ,1,3.69
86374,205,51,5128,101450010,20864,3/7/2012,10,OZ,1,2.09
86375,205,22,2201,104113040,28204,3/7/2012,60,OZ,1,0.99
86376,205,4,416,103400030,8247,3/7/2012,3.92,OZ,1,1.89
86377,205,57,5704,105360050,10074,3/7/2012,6,OZ,2,1.78
86378,205,55,5558,104154848,5603,3/7/2012,5.8,OZ,1,1.25
86379,205,57,5705,105360050,10074,3/7/2012,6,OZ,2,1.74
86380,205,36,3618,104900040,23359,3/7/2012,67.6,OZ,1,1.89
86381,205,27,2712,103270030,7966,3/7/2012,1,CT,1,5.09
86382,205,41,4107,101116616,15266,3/7/2012,15.25,OZ,1,0.69
86383,205,33,3303,102840020,10241,3/7/2012,10.5,OZ,1,4.29
86384,205,29,2903,105100050,72482,3/7/2012,15,OZ,1,0.99
86385,205,58,5812,1063690666,12339,3/8/2012,14,OZ,1,5.49
86386,205,27,2710,103320030,875,3/9/2012,14,LB,1,6.99
86387,205,64,6401,101820010,11616,3/9/2012,72,OZ,1,6.29
86388,205,9,902,103010030,20332,3/9/2012,16,OZ,1,3.19
86389,205,24,2410,104780040,19058,3/9/2012,4.25,OZ,1,1.99
86390,205,55,5552,104113040,84481,3/9/2012,48,OZ,1,4.29
86391,205,63,6315,1074236575,8499,3/9/2012,64,OZ,1,4.39
86392,205,5,501,103800030,14900,3/9/2012,20,OZ,1,4.29
86393,205,21,2106,103120030,12957,3/9/2012,64,OZ,1,2.99
86394,205,8,810,101116616,15266,3/9/2012,1,OZ,1,0.99
86395,205,63,6320,102685525,7667,3/9/2012,12,CT,1,1.69
86396,205,33,3318,104113040,28204,3/9/2012,15,OZ,1,1.55
86397,205,26,2613,103700030,10861,3/9/2012,27,CT,1,8.99
86398,205,18,1835,104116343,8435,3/9/2012,6.7,LB,1,5.89
86399,205,10,1010,105150050,16728,3/10/2012,5,OZ,2,5.18
86400,205,64,6406,108500080,673,3/10/2012,0.75,LT,4,27.96
86401,205,8,810,101116616,15266,3/10/2012,0.87,OZ,2,2.18
86402,205,63,6315,101116616,15266,3/10/2012,128,OZ,1,3.69
86403,205,9,907,107021070,69929,3/10/2012,11,OZ,1,1.09
86404,205,97,9753,1020999929,0,3/10/2012,1,CT,1,7.88
86405,205,5,501,101600010,3331,3/10/2012,21.6,OZ,1,5.99
86406,205,26,2628,104200040,2308,3/10/2012,1,RL,1,1
86407,205,9,907,101410010,13791,3/10/2012,13,OZ,1,3.49
86408,205,63,6320,102685525,7667,3/10/2012,18,CT,1,2.79
86409,205,5,501,1088491282,16363,3/10/2012,16.4,OZ,1,4.39
86410,205,63,6311,1082415080,22328,3/10/2012,16,OZ,1,4.99
86411,205,31,3101,107096979,17090,3/10/2012,4.5,OZ,1,2.29
86412,205,63,6317,102529323,16410,3/10/2012,64,OZ,1,3.79
86413,205,31,3101,105250050,15919,3/10/2012,3.5,OZ,1,2.99
86414,205,26,2622,101090010,15232,3/10/2012,5,CT,1,2.99
86415,205,30,3008,104133545,43106,3/10/2012,16,OZ,1,3.49
86416,205,63,6305,101630010,6509,3/10/2012,59,OZ,1,4.49
86417,205,33,3305,102840020,18584,3/10/2012,10,OZ,1,3.99
86418,205,26,2617,101090010,15232,3/10/2012,1,CT,1,1.89
86419,205,30,3010,104300040,9886,3/10/2012,14,OZ,1,3.49
86420,205,36,3611,101200010,803,3/10/2012,405.6,OZ,1,6.49
86421,205,32,3204,101116616,15266,3/11/2012,17,OZ,1,5.39
86422,205,37,3709,104178949,11224,3/11/2012,3,OZ,1,0.35
86423,205,56,5610,107592575,4368,3/11/2012,6,OZ,1,3.19
86424,205,41,4105,102400020,4704,3/11/2012,14.5,OZ,3,4.47
86425,205,9,907,101410010,13791,3/11/2012,13,OZ,1,3.49
86426,205,36,3631,107800070,23209,3/11/2012,67.6,OZ,1,1.69
86427,205,56,5610,101116616,15266,3/11/2012,5,OZ,1,3.29
86428,205,36,3630,104900040,3809,3/11/2012,67.6,OZ,1,1.89
86429,205,3,302,102800020,30272,3/11/2012,12,OZ,1,3.19
86430,205,41,4107,102400020,4704,3/11/2012,15.25,OZ,2,3.39
86431,205,9,907,107763373,17614,3/11/2012,24,OZ,1,2.79
86432,205,41,4105,102400020,4704,3/11/2012,28,OZ,1,2.19
86433,205,9,908,102430020,10577,3/11/2012,11.39,OZ,1,2.5
86434,205,38,3801,101116616,15266,3/11/2012,2,LB,1,2.09
86435,205,64,6409,108678585,17449,3/11/2012,0.75,LT,1,8.69
86436,205,59,5902,103450030,10165,3/11/2012,8,OZ,1,2.39
86437,205,63,6330,101116616,15266,3/11/2012,16,OZ,1,2.49
86438,205,26,2630,103700030,14647,3/11/2012,56,CT,2,2
86439,205,56,5620,107592575,4368,3/11/2012,8,OZ,1,3.19
86440,205,23,2301,102920020,12168,3/11/2012,16,OZ,1,1.79
86441,205,58,5812,105450050,1322,3/11/2012,16,OZ,1,3.79
86442,205,63,6315,101116616,15266,3/11/2012,128,OZ,1,3.69
86443,205,58,5823,104470040,13310,3/11/2012,9,OZ,2,8.58
86444,205,57,5710,107047070,20230,3/11/2012,6,OZ,2,1.98
86445,205,5,501,1088491282,8459,3/12/2012,13,OZ,1,4.39
86446,205,64,6409,104198545,4071,3/12/2012,1.5,LT,1,7.79
86447,205,16,1604,102200020,6021,3/12/2012,15,CT,1,1.29
86448,205,27,2702,104116343,28305,3/12/2012,4.4,LB,1,4.09
86449,205,32,3204,104179040,1698,3/12/2012,17,OZ,1,7.59
86450,205,30,3008,104133545,43106,3/12/2012,16,OZ,1,3.49
86451,205,63,6320,102685525,7667,3/13/2012,18,CT,1,2.79
86452,205,26,2630,103600030,9787,3/13/2012,120,CT,2,4.98
86453,205,26,2617,101090010,15232,3/13/2012,1,CT,1,3.99
86454,205,33,3303,104178040,19154,3/14/2012,3.25,OZ,1,1
86455,205,64,6409,104198545,4071,3/14/2012,1.5,LT,1,7.79
86456,205,33,3307,104157040,2017,3/14/2012,8,OZ,1,3.99
86457,205,63,6313,107020070,11244,3/14/2012,15.5,OZ,1,3.89
86458,205,56,5607,101116616,15266,3/14/2012,8,OZ,1,2.19
86459,205,58,5824,1076401474,304,3/14/2012,12,OZ,1,4.99
86460,205,4,418,104000040,11698,3/14/2012,4.62,OZ,1,1.89
86461,205,59,5902,101116616,15266,3/14/2012,8,OZ,1,1.89
86462,205,55,5556,104113040,28204,3/14/2012,56,OZ,1,2.49
86463,205,57,5704,105360050,10074,3/14/2012,6,OZ,1,0.89
86464,205,6,610,104900040,6869,3/14/2012,16,OZ,1,1.59
86465,205,63,6315,107996777,31373,3/14/2012,32,OZ,1,1.99
86466,205,36,3618,104900040,23359,3/15/2012,101.4,OZ,1,3.99
86467,205,64,6401,103410030,11704,3/15/2012,144,OZ,1,6.79
86468,205,36,3611,104900040,4599,3/15/2012,405.6,OZ,1,4.99
86469,205,56,5607,101116616,15266,3/15/2012,8,OZ,1,2.19
86470,205,9,907,107021070,69929,3/15/2012,24,OZ,1,1.09
86471,205,43,4302,101116616,15266,3/15/2012,12,OZ,1,3.19
86472,205,44,4407,103542737,14964,3/15/2012,24,OZ,1,3.99
86473,205,26,2628,103040030,17034,3/16/2012,8,RL,1,5.49
86474,205,99,9908,103338333,33170,3/16/2012,8,OZ,1,2.19
86475,205,74,7407,107033070,1783,3/16/2012,12,CT,1,3.99
86476,205,8,805,105160050,10267,3/16/2012,10,OZ,1,3.89
86477,205,29,2925,101340010,5232,3/16/2012,32,OZ,1,1.79
86478,205,9,908,107731777,17055,3/16/2012,25,OZ,1,5.99
86479,205,30,3008,104133545,43106,3/17/2012,1.5,OZ,1,0.75
86480,205,99,9908,103338333,33170,3/17/2012,16,OZ,1,1.49
86481,205,30,3010,104133545,43106,3/17/2012,1.5,OZ,1,0.75
86482,205,54,5403,107142171,54806,3/17/2012,14.8,OZ,1,4.39
86483,205,36,3632,107185474,74108,3/17/2012,20,OZ,2,2
86484,205,99,9909,107127979,6732,3/17/2012,7,OZ,2,8.38
86485,205,36,3628,101200010,12029,3/17/2012,20,OZ,1,1.49
86486,205,0,0,10000,0,3/17/2012,0,,4,5.81
86487,205,58,5812,101590010,1366,3/17/2012,16,OZ,2,3.18
86488,205,9,907,107021070,69929,3/17/2012,22,OZ,1,1.5
86489,205,64,6401,101820010,2510,3/17/2012,216,OZ,1,14.19
86490,205,4,416,103400030,8247,3/17/2012,1.45,OZ,1,0.99
86491,205,18,1835,104460040,9709,3/17/2012,3.3,LB,1,4.59
86492,205,64,6408,101834111,1387,3/17/2012,0.75,LT,1,6.49
86493,205,60,6011,101800010,14029,3/17/2012,16.3,OZ,4,8.79
86494,205,64,6408,108224282,5487,3/17/2012,0.75,LT,1,4.99
86495,205,24,2407,103900030,10383,3/17/2012,5,OZ,2,1.78
86496,205,64,6409,108678585,40382,3/17/2012,0.75,LT,2,9.98
86497,205,57,5705,103663232,4568,3/17/2012,6,OZ,2,1.78
86498,205,99,9908,103338333,33170,3/18/2012,160,OZ,1,5.99
86499,205,81,8101,101230010,2803,3/18/2012,1,CT,1,4.79
86500,205,5,519,101116616,15266,3/18/2012,12.7,OZ,1,3.29
86501,205,24,2415,103760030,11238,3/18/2012,15,OZ,2,3.98
86502,205,99,9909,107143070,5072,3/18/2012,22,OZ,1,2.59
86503,205,64,6409,104198545,4071,3/18/2012,1.5,LT,1,7.79
86504,205,4,422,107279979,19735,3/18/2012,5.5,OZ,1,2.39
86505,205,58,5833,104113040,6165,3/18/2012,48,OZ,1,8.89
86506,205,4,427,103400030,8682,3/18/2012,1.5,OZ,1,1.99
86507,205,81,8101,102820020,11186,3/18/2012,1,CT,1,4.77
86508,205,8,801,101116616,15266,3/18/2012,24,OZ,1,1.67
86509,205,24,2406,103760030,17027,3/18/2012,12,OZ,2,5
86510,205,4,416,104000040,16765,3/18/2012,1.76,OZ,1,0.99
86511,205,97,9753,1022020121,0,3/18/2012,1,CT,1,7.52
86512,205,4,416,104000040,26517,3/18/2012,1.14,OZ,1,0.99
86513,205,58,5823,107080070,16704,3/18/2012,16,OZ,1,4.59
86514,205,27,2704,104113040,28204,3/18/2012,64,OZ,1,3.99
86515,205,97,9716,104116343,8435,3/18/2012,128,OZ,1,2.69
86516,205,29,2921,102970020,8711,3/18/2012,3.95,OZ,4,5
86517,205,35,3509,109451494,20153,3/18/2012,75,OZ,2,6.78
86518,205,31,3108,102460020,11990,3/18/2012,26,OZ,1,1.09
86519,205,36,3601,101200010,13794,3/19/2012,144,OZ,1,3.99
86520,205,55,5559,104113040,28204,3/19/2012,30,OZ,1,2.49
86521,205,35,3509,1088596787,5428,3/19/2012,50,OZ,1,2.99
86522,205,15,1506,101819515,16180,3/19/2012,2.5,OZ,2,3.58
86523,205,35,3504,103700030,4628,3/19/2012,19,OZ,1,1.99
86524,205,56,5615,101116616,15266,3/19/2012,8,OZ,1,3.29
86525,205,35,3509,109451494,20153,3/19/2012,75,OZ,1,3.39
86526,205,4,416,103400030,16570,3/19/2012,1.4,OZ,1,0.99
86527,205,21,2105,105200050,7054,3/19/2012,32,OZ,8,8
86528,205,41,4107,104430040,9977,3/19/2012,14,OZ,2,3.18
86529,205,97,9753,1021017020,0,3/19/2012,1,CT,1,4.7
86530,205,5,501,1087694181,13478,3/19/2012,6,OZ,1,1
86531,205,58,5814,104660040,885,3/19/2012,2.9,OZ,1,1.39
86532,205,63,6316,107996777,31373,3/19/2012,16,OZ,1,1.69
86533,205,21,2117,102500020,26108,3/19/2012,67.5,OZ,1,2.89
86534,205,64,6408,108500080,6967,3/19/2012,0.75,LT,1,3.99
86535,205,59,5902,107592575,4368,3/19/2012,16,OZ,1,4.19
86536,205,97,9709,104205444,6394,3/19/2012,1,CT,1,1.49
86537,205,23,2301,102920020,12168,3/19/2012,16,OZ,2,3.58
86538,205,67,6703,104815545,13864,3/19/2012,12,OZ,1,1
86539,205,59,5907,102700020,2012,3/19/2012,15,OZ,1,1.85
86540,205,10,1010,103400030,8247,3/20/2012,24,OZ,1,2.69
86541,205,64,6401,107143979,15448,3/20/2012,72,OZ,1,5.99
86542,205,0,0,10000,0,3/20/2012,0,,1,-0.22
86543,205,36,3626,101200010,16391,3/20/2012,67.6,OZ,1,1.39
86544,205,9,907,107225070,12465,3/20/2012,20,OZ,1,3.09
86545,205,36,3630,107800070,5208,3/21/2012,67.6,OZ,1,1.69
86546,205,99,9908,103338333,33170,3/21/2012,16,OZ,2,3.98
86547,205,34,3411,107940070,17521,3/21/2012,12,OZ,1,2.49
86548,205,41,4109,105100050,2820,3/21/2012,11,OZ,4,2.36
86549,205,36,3630,107800070,23561,3/21/2012,67.6,OZ,1,1.69
86550,205,99,9909,107143070,5072,3/21/2012,22,OZ,1,2.59
86551,205,34,3410,107418272,16853,3/21/2012,7.5,OZ,1,2.19
86552,205,4,418,103400030,15113,3/21/2012,4.4,OZ,1,1.89
86553,205,39,3903,103000030,1058,3/21/2012,12,OZ,1,2.99
86554,205,99,9909,107127979,6732,3/21/2012,10,OZ,1,3.69
86555,205,36,3611,108265787,4687,3/21/2012,473.2,OZ,1,4.99
86556,205,9,901,1070897171,10653,3/21/2012,13.5,OZ,1,3.59
86557,205,41,4107,101116616,15266,3/21/2012,15.25,OZ,2,1.38
86558,205,2,214,101600010,1910,3/21/2012,5.1,OZ,2,2
86559,205,36,3629,101200010,23360,3/21/2012,67.6,OZ,1,1.69
86560,205,9,902,101116616,15266,3/21/2012,14.4,OZ,1,3.19
86561,205,30,3010,104100040,19975,3/21/2012,8,OZ,1,1.79
86562,205,5,501,101116616,15266,3/21/2012,17.3,OZ,1,3.29
86563,205,33,3308,102840020,3336,3/21/2012,9.75,OZ,1,3.49
86564,205,14,1404,104113040,28204,3/21/2012,48,OZ,1,1.99
86565,205,31,3108,102150020,10238,3/21/2012,4,OZ,1,1.99
86566,205,8,835,101340919,17823,3/21/2012,16,OZ,1,2.99
86567,205,33,3305,102840020,18584,3/21/2012,10,OZ,1,3.99
86568,205,9,908,107225070,2011,3/21/2012,11.5,OZ,1,2.69
86569,205,31,3101,102240020,12114,3/21/2012,2.4,OZ,1,2.99
86570,205,5,501,101600010,3331,3/21/2012,8.9,OZ,1,3.89
86571,205,19,1905,104180040,19713,3/21/2012,18,OZ,1,2.19
86572,205,9,907,107518575,11221,3/21/2012,15,OZ,1,3.49
86573,205,63,6316,107996777,31373,3/21/2012,16,OZ,2,3.38
86574,205,4,405,1076020373,55784,3/21/2012,9,OZ,1,1
86575,205,63,6311,107146474,2142,3/21/2012,32,OZ,1,5.29
86576,205,9,908,107731777,17055,3/21/2012,22,OZ,1,3.99
86577,205,97,9753,1021015020,0,3/21/2012,1,CT,1,7.16
86578,205,7,707,102550020,6550,3/21/2012,10.3,OZ,1,4.89
86579,205,26,2620,104116343,8435,3/21/2012,20,CT,1,1.79
86580,205,4,418,103400030,8247,3/21/2012,4.4,OZ,2,3.98
86581,205,64,6401,108992484,20251,3/21/2012,72,OZ,1,5.89
86582,205,8,810,104140949,3957,3/21/2012,1.1,OZ,1,0.99
86583,205,58,5812,105450050,1322,3/21/2012,16,OZ,1,5.29
86584,205,70,7005,104650040,12977,3/21/2012,6,OZ,1,5.79
86585,205,19,1908,104113040,28204,3/21/2012,18,OZ,1,2.79
86586,205,75,7504,104116343,5845,3/21/2012,8,OZ,1,6.99
86587,205,63,6315,101116616,15266,3/21/2012,128,OZ,1,3.69
86588,205,64,6401,108992484,20251,3/21/2012,288,OZ,1,17.29
86589,205,21,2105,1065762262,26129,3/21/2012,16.9,OZ,1,1.29
86590,205,97,9753,1021704727,0,3/21/2012,1,CT,1,5.97
86591,205,26,2609,104113040,28204,3/21/2012,30,CT,1,0.89
86592,205,75,7507,1030813737,32322,3/21/2012,1,OZ,1,6.15
86593,205,64,6401,101820010,31244,3/21/2012,144,OZ,2,21.18
86594,205,73,7304,104110040,4082,3/21/2012,20,CT,1,5.75
86595,205,73,7302,1030057333,250,3/21/2012,75,CT,1,7.29
86596,205,64,6409,108312080,42566,3/21/2012,0.75,LT,1,4.99
86597,205,99,9904,103338333,33170,3/22/2012,48,OZ,1,3.59
86598,205,63,6315,101116616,15266,3/22/2012,128,OZ,1,3.69
86599,205,51,5106,103100030,9626,3/22/2012,8,OZ,3,7.47
86600,205,97,9753,1020011121,0,3/22/2012,1,CT,1,1.5
86601,205,99,9908,103338333,33170,3/22/2012,4,OZ,1,1.49
86602,205,9,911,104113040,15294,3/22/2012,5,OZ,1,2.09
86603,205,4,416,101070010,8131,3/22/2012,1.4,OZ,1,0.99
86604,205,10,1010,1060069969,55864,3/22/2012,7,OZ,1,1.79
86605,205,26,2629,1067274464,4529,3/23/2012,150,CT,1,1
86606,205,56,5607,101116616,15266,3/23/2012,8,OZ,1,2.19
86607,205,9,912,101410010,13791,3/23/2012,21,OZ,1,4.49
86608,205,33,3305,102840020,5141,3/24/2012,11.5,OZ,1,4.29
86609,205,99,9908,103338333,33170,3/24/2012,80,OZ,1,3.29
86610,205,33,3303,103304939,11221,3/24/2012,9.5,OZ,1,4.29
86611,205,56,5615,107592575,4368,3/24/2012,16,OZ,1,5.89
86612,205,31,3108,102460020,11990,3/24/2012,8,OZ,1,1.09
86613,205,6,610,1071941070,24978,3/24/2012,3.86,OZ,1,3.99
86614,205,33,3310,107448878,16705,3/24/2012,1.75,OZ,1,0.99
86615,205,51,5117,104113040,21174,3/24/2012,16.2,OZ,1,5.99
86616,205,35,3504,107261373,17576,3/24/2012,25,OZ,1,1
86617,205,9,907,107763373,17614,3/24/2012,18,OZ,1,2.79
86618,205,36,3630,107800070,5208,3/24/2012,67.6,OZ,1,1.69
86619,205,56,5610,107592575,4368,3/24/2012,8,OZ,1,3.99
86620,205,41,4105,102400020,4704,3/24/2012,14.5,OZ,1,1.49
86621,205,9,901,102750020,837,3/24/2012,9.25,OZ,1,3.19
86622,205,36,3632,107800070,17635,3/24/2012,67.6,OZ,1,1.69
86623,205,55,5552,107144171,7675,3/24/2012,48,OZ,1,4.99
86624,205,64,6401,101820010,2510,3/24/2012,216,OZ,1,12.99
86625,205,9,908,107626575,35722,3/24/2012,12,OZ,1,2.49
86626,205,58,5811,107929676,10737,3/24/2012,7.5,OZ,2,6.5
86627,205,51,5119,104162545,26573,3/24/2012,20,OZ,2,11.98
86628,205,64,6408,108500080,6967,3/24/2012,0.75,LT,1,3.99
86629,205,8,814,104156545,13412,3/24/2012,16,OZ,1,2.99
86630,205,22,2201,104460040,3718,3/24/2012,96,OZ,2,5.58
86631,205,9,917,104335444,25412,3/24/2012,17,OZ,1,2.39
86632,205,58,5812,104470040,13310,3/24/2012,16,OZ,1,5.19
86633,205,8,805,102100020,3337,3/24/2012,15,OZ,1,4.79
86634,205,23,2301,102920020,12168,3/24/2012,16,OZ,1,1.79
86635,205,0,0,10000,0,3/24/2012,0,,1,5.79
86636,205,58,5835,107790070,9200,3/24/2012,16,OZ,1,4.59
86637,205,7,702,104300040,11339,3/24/2012,2,OZ,1,2.59
86638,205,58,5827,104470040,13310,3/24/2012,16,OZ,1,5.99
86639,205,99,9908,103338333,33170,3/25/2012,8,OZ,1,2.19
86640,205,97,9753,1021013626,0,3/25/2012,1,CT,1,5.7
86641,205,56,5610,107015777,18691,3/25/2012,4.25,OZ,1,2.99
86642,205,26,2628,103600030,9787,3/25/2012,1,RL,2,2
86643,205,99,9909,107127979,6732,3/25/2012,9.8,OZ,1,3.99
86644,205,63,6320,107794373,61360,3/25/2012,12,CT,1,2.39
86645,205,15,1506,101819515,16180,3/25/2012,2.5,OZ,1,1.79
86646,205,59,5902,103450030,10165,3/25/2012,16,OZ,1,3.89
86647,205,47,4704,101116616,15266,3/25/2012,12,OZ,2,3.98
86648,205,64,6409,104198545,4071,3/25/2012,1.5,LT,1,7.79
86649,205,13,1306,107101272,9680,3/25/2012,5,LB,1,4.39
86650,205,23,2301,102920020,12168,3/25/2012,16,OZ,1,1.79
86651,205,51,5122,107142171,14012,3/25/2012,5.5,OZ,1,1.25
86652,205,64,6401,101820010,12358,3/25/2012,24,OZ,1,1.39
86653,205,9,913,105960858,35802,3/25/2012,12,OZ,1,1.99
86654,205,63,6305,102500020,11749,3/25/2012,59,OZ,1,3.95
86655,205,56,5615,103798232,19182,3/25/2012,8,OZ,1,4.99
86656,205,97,9753,1022020222,0,3/25/2012,1,CT,1,2.87
86657,205,55,5558,107255474,35506,3/25/2012,36.8,OZ,1,6.49
86658,205,23,2301,102920020,12168,3/25/2012,8,OZ,1,1.09
86659,205,55,5560,104154848,5603,3/25/2012,16.1,OZ,1,3.99
86660,205,58,5823,107740070,2500,3/25/2012,4,OZ,1,1.55
86661,205,36,3635,107478070,13856,3/25/2012,33.8,OZ,2,3.98
86662,205,63,6312,102500020,11749,3/25/2012,59,OZ,1,2.19
86663,205,36,3618,104900040,23359,3/25/2012,20,OZ,1,1.69
86664,205,37,3706,105100050,2820,3/25/2012,10.75,OZ,1,1.79
86665,205,16,1604,102200020,5558,3/26/2012,12,CT,1,1.19
86666,205,27,2712,103270030,7966,3/26/2012,1,CT,2,10.18
86667,205,43,4302,107027272,15085,3/26/2012,6.5,OZ,1,2.99
86668,205,64,6409,104198545,4071,3/26/2012,1.5,LT,1,7.79
86669,205,10,1010,103400030,8247,3/26/2012,24,OZ,1,2.69
86670,205,21,2116,104300040,26420,3/26/2012,40.5,OZ,1,1.39
86671,205,55,5552,102073525,18893,3/26/2012,48,OZ,2,10.78
86672,205,97,9753,1020011121,0,3/26/2012,1,CT,2,3
86673,205,10,1006,104113040,28204,3/26/2012,10,OZ,1,1.39
86674,205,63,6315,101116616,15266,3/26/2012,128,OZ,2,7.38
86675,205,55,5552,102073525,18893,3/27/2012,48,OZ,2,10.78
86676,205,64,6401,101820010,2510,3/27/2012,216,OZ,1,13.99
86677,205,5,501,103800030,4086,3/27/2012,12,OZ,1,3.69
86678,205,27,2702,101901414,8664,3/27/2012,8,LB,1,13.79
86679,205,12,1206,108660080,2559,3/27/2012,5,OZ,1,1.99
86680,205,26,2633,103040030,683,3/27/2012,4,RL,1,1.99
86681,205,0,0,10000,0,3/27/2012,0,,1,-1.32
86682,205,25,2504,101116616,15266,3/27/2012,12,OZ,2,2.58
86683,205,9,902,103010030,20332,3/27/2012,16,OZ,1,3.19
86684,205,29,2908,103760030,8501,3/27/2012,15,OZ,1,1.89
86685,205,9,905,104300040,17447,3/27/2012,6,OZ,1,1.29
86686,205,29,2908,104113040,2982,3/27/2012,15,OZ,1,1.99
86687,205,4,416,103400030,2689,3/28/2012,1.5,OZ,3,2.07
86688,205,36,3604,107800070,2829,3/28/2012,67.6,OZ,1,1.69
86689,205,97,9753,10000,0,3/28/2012,1,CT,1,1.18
86690,205,63,6315,101116616,15266,3/28/2012,128,OZ,2,7.38
86691,205,25,2509,101116616,15266,3/28/2012,32,OZ,1,2.69
86692,205,33,3312,103700030,14494,3/30/2012,6.38,OZ,1,1.99
86693,205,81,8115,104116343,8435,3/30/2012,6,CT,1,1
86694,205,36,3630,104900040,3809,3/30/2012,67.6,OZ,1,1.89
86695,205,59,5907,102740020,16291,3/30/2012,15,OZ,1,2.89
86696,205,36,3611,108265787,4687,3/30/2012,101.4,OZ,1,1
86697,205,64,6409,108500080,1949,3/30/2012,0.75,LT,1,5.59
86698,205,33,3307,107641070,10160,3/30/2012,1.5,OZ,2,1.98
86699,205,25,2506,104127141,26189,3/30/2012,16,OZ,1,2.29
86700,205,97,9753,1022101727,0,3/30/2012,1,CT,1,12.59
86701,205,21,2114,104140949,3957,3/30/2012,4.5,OZ,1,0.99
86702,205,53,5307,102880020,7907,3/30/2012,8,OZ,1,2.99
86703,205,9,913,105960858,35802,3/30/2012,12,OZ,1,1.99
86704,205,56,5604,107015777,18691,3/30/2012,5,OZ,1,2.99
86705,205,97,9753,1021010222,0,3/31/2012,1,CT,2,19.97
86706,205,99,9908,103338333,287,3/31/2012,80,OZ,1,3.29
86707,205,56,5620,101116616,15266,3/31/2012,8,OZ,2,6.58
86708,205,0,0,10000,0,3/31/2012,0,,3,37.89
86709,205,65,6501,107891373,66738,3/31/2012,9,OZ,1,2.79
86710,205,99,9908,103338333,33170,3/31/2012,160,OZ,1,5.99
86711,205,25,2509,101116616,15266,3/31/2012,32,OZ,1,2.69
86712,205,43,4302,107027272,15085,3/31/2012,6.5,OZ,1,2.99
86713,205,97,9753,1022020222,0,3/31/2012,1,CT,3,8.83
86714,205,9,901,104400040,8463,3/31/2012,10,OZ,1,3.59
86715,205,58,5827,107539373,55244,3/31/2012,12,OZ,1,3.59
86716,205,41,4108,102880020,7907,3/31/2012,40.5,OZ,1,2.99
86717,205,63,6315,101116616,15266,3/31/2012,128,OZ,1,3.79
86718,205,49,4901,104113040,28204,3/31/2012,80,OZ,1,3.79
86719,205,36,3604,107800070,2829,3/31/2012,67.6,OZ,2,3.38
86720,205,29,2903,106414464,3342,3/31/2012,15,OZ,5,5
86721,205,35,3509,103320030,875,3/31/2012,50,OZ,1,5.89
86722,205,33,3305,102840020,5141,3/31/2012,1.25,OZ,1,0.5
86723,205,33,3312,103700030,14494,3/31/2012,6.38,OZ,1,1.99
86724,205,36,3618,104900040,23359,3/31/2012,67.6,OZ,1,1.89
86725,205,99,9908,103338333,33170,4/1/2012,16,OZ,1,1.49
86726,205,35,3504,104815545,14363,4/1/2012,25,OZ,1,1
86727,205,4,410,101120616,16681,4/1/2012,8,OZ,1,1.59
86728,205,34,3410,1080882989,10794,4/1/2012,13.5,OZ,1,1
86729,205,56,5615,107835474,2675,4/1/2012,8,OZ,1,3.99
86730,205,36,3611,108265787,4687,4/1/2012,142.2,OZ,1,3.19
86731,205,9,908,107731777,33170,4/1/2012,25,OZ,1,5.49
86732,205,36,3611,104900040,4599,4/1/2012,20,OZ,1,1.69
86733,205,45,4508,107012070,16508,4/1/2012,5,OZ,1,2.19
86734,205,39,3903,103905939,17176,4/1/2012,8.5,OZ,1,6.99
86735,205,0,0,10000,0,4/1/2012,0,,1,9.45
86736,205,69,6901,103700030,16139,4/1/2012,2.6,OZ,1,2.99
86737,205,51,5117,101116616,15266,4/1/2012,20.5,OZ,1,3.59
86738,205,26,2617,1017472919,19006,4/1/2012,1,CT,2,2
86739,205,9,907,101410010,13791,4/1/2012,24,OZ,2,7.98
86740,205,63,6320,1076912373,2209,4/1/2012,12,CT,1,3.39
86741,205,5,501,101600010,3331,4/1/2012,21.6,OZ,1,5.99
86742,205,63,6315,101116616,15266,4/1/2012,32,OZ,1,1.69
86743,205,9,908,107731777,17055,4/1/2012,25,OZ,2,11.98
86744,205,97,9753,1021704727,0,4/1/2012,1,CT,1,4.68
86745,205,2,214,107174070,20626,4/1/2012,24,OZ,1,3.79
86746,205,18,1898,104116343,8435,4/1/2012,12,CT,1,4.99
86747,205,5,501,101116616,15266,4/1/2012,18.2,OZ,1,3.79
86748,205,81,8115,104116343,8435,4/1/2012,6,CT,1,1
86749,205,6,601,107092070,17882,4/1/2012,7.3,OZ,1,2.79
86750,205,58,5835,107539373,55244,4/1/2012,16,OZ,1,2.39
86751,205,7,707,1087329080,9614,4/1/2012,12,OZ,1,7.49
86752,205,97,9753,1020800020,0,4/1/2012,1,CT,1,6.99
86753,205,5,501,101862717,9496,4/1/2012,15,OZ,1,4.49
86754,205,64,6401,108066080,4098,4/1/2012,72,OZ,2,16.98
86755,205,4,405,101116616,15266,4/1/2012,10.5,OZ,1,1.39
86756,205,32,3202,101116616,15266,4/1/2012,24,OZ,1,3.09
86757,205,4,418,103400030,57369,4/1/2012,12,OZ,1,4.29
86758,205,33,3303,104178040,19154,4/1/2012,10,OZ,1,4.29
86759,205,4,412,101070010,9275,4/1/2012,7,OZ,1,2.09
86760,205,29,2925,101740010,11011,4/1/2012,32,OZ,1,2.49
86761,205,32,3203,104815545,8105,4/1/2012,5,OZ,1,1
86762,205,21,2112,103120030,12957,4/2/2012,64,OZ,1,4.29
86763,205,31,3111,104150040,6714,4/2/2012,6,OZ,1,3.99
86764,205,63,6323,104190040,3522,4/2/2012,12,OZ,1,1.39
86765,205,33,3305,102840020,5141,4/2/2012,1.25,OZ,2,1
86766,205,63,6315,101116616,15266,4/2/2012,128,OZ,1,3.79
86767,205,32,3203,101116616,15266,4/2/2012,6,OZ,1,3.09
86768,205,64,6406,108470484,9865,4/2/2012,0.75,LT,1,12.49
86769,205,31,3101,107967979,17087,4/2/2012,7,OZ,1,1
86770,205,26,2629,104116343,8435,4/2/2012,200,CT,1,3.49
86771,205,33,3305,102840020,18584,4/2/2012,10,OZ,1,3.99
86772,205,63,6320,102685525,7667,4/2/2012,12,CT,1,1.69
86773,205,34,3410,107418272,16853,4/2/2012,7.5,OZ,1,2.19
86774,205,63,6305,102500020,11749,4/2/2012,59,OZ,2,7.9
86775,205,35,3504,104815545,14363,4/2/2012,25,OZ,1,1
86776,205,64,6401,108992484,20251,4/2/2012,144,OZ,1,9.69
86777,205,34,3411,103500030,8919,4/2/2012,18,OZ,1,4.89
86778,205,26,2619,104113040,28204,4/2/2012,30,CT,1,2.69
86779,205,36,3601,101200010,13794,4/2/2012,144,OZ,1,4.59
86780,205,63,6316,107996777,31373,4/2/2012,16,OZ,1,1.69
86781,205,35,3506,103500030,13470,4/2/2012,75,OZ,1,4.99
86782,205,59,5906,104060040,26155,4/2/2012,15,OZ,1,3.79
86783,205,33,3313,102840020,18584,4/2/2012,15,OZ,1,3.69
86784,205,64,6409,108051686,14090,4/2/2012,1.5,LT,1,10.99
86785,205,36,3611,106827464,30855,4/2/2012,405.6,OZ,1,3.99
86786,205,25,2506,104127141,26189,4/2/2012,16,OZ,1,2.29
86787,205,33,3315,103871838,23699,4/2/2012,12,OZ,1,2.99
86788,205,97,9753,1021013424,0,4/2/2012,1,CT,1,4.07
86789,205,39,3903,101116616,15266,4/2/2012,12,OZ,1,2.29
86790,205,58,5814,104470040,10837,4/2/2012,10.7,OZ,1,3.19
86791,205,37,3705,105100050,2820,4/2/2012,18.8,OZ,2,4.29
86792,205,26,2633,104116343,8435,4/2/2012,12,RL,1,7.79
86793,205,37,3705,105100050,2820,4/2/2012,18.6,OZ,1,1.5
86794,205,58,5814,104470040,10837,4/2/2012,8.9,OZ,1,3.19
86795,205,35,3509,104116343,8435,4/2/2012,50,OZ,1,4.59
86796,205,26,2628,105400050,16048,4/2/2012,1,RL,1,1
86797,205,99,9908,103338333,33170,4/2/2012,8,OZ,1,2.19
86798,205,63,6311,103425636,20309,4/2/2012,64,OZ,1,3.59
86799,205,55,5552,107756777,2347,4/2/2012,48,OZ,1,5.39
86800,205,26,2630,103600030,9787,4/2/2012,70,CT,3,4.17
86801,205,99,9904,103338333,33170,4/2/2012,16,OZ,1,2.99
86802,205,62,6201,102400020,4704,4/2/2012,20.5,OZ,1,4.99
86803,205,9,906,107023777,6845,4/2/2012,10,OZ,1,2.15
86804,205,26,2619,101258717,7245,4/2/2012,50,CT,1,8.59
86805,205,99,9908,1071651979,11085,4/2/2012,12,OZ,1,2.39
86806,205,18,1835,104460040,9709,4/2/2012,12.5,LB,1,12.29
86807,205,8,807,101958212,86245,4/2/2012,17.5,OZ,1,2.39
86808,205,11,1102,1072277676,17117,4/2/2012,1,CT,1,6.79
86809,205,4,416,103400030,2689,4/2/2012,1.5,OZ,1,0.69
86810,205,9,908,105960858,33170,4/2/2012,19,OZ,1,3.29
86811,205,5,501,101600010,9773,4/2/2012,12,OZ,1,4.19
86812,205,9,905,104300040,17447,4/2/2012,6,OZ,1,2.2
86813,205,9,901,102750020,837,4/2/2012,9,OZ,1,3.19
86814,205,9,907,107518575,11221,4/2/2012,18,OZ,1,3.79
86815,205,5,501,101600010,12936,4/2/2012,18,OZ,1,4.39
86816,205,13,1306,101020010,19622,4/2/2012,2,LB,1,1.59
86817,205,4,418,104000040,26517,4/3/2012,12.6,OZ,1,4.29
86818,205,0,0,10000,0,4/3/2012,0,,2,-1.76
86819,205,3,311,1064420969,5345,4/3/2012,16,OZ,1,2.29
86820,205,63,6320,107794373,61360,4/4/2012,12,CT,1,2.39
86821,205,99,9904,103338333,33170,4/4/2012,48,OZ,1,2.69
86822,205,63,6312,105020050,52045,4/4/2012,54,OZ,1,3.59
86823,205,51,5117,104113040,28204,4/4/2012,6.5,OZ,3,2.64
86824,205,64,6409,108500080,11770,4/4/2012,0.75,LT,1,10.29
86825,205,99,9909,107127979,6732,4/4/2012,7,OZ,1,4.19
86826,205,24,2415,103900030,10383,4/4/2012,15,OZ,1,3.29
86827,205,9,907,1065752262,25738,4/4/2012,16,OZ,1,3.49
86828,205,97,9753,10000,0,4/4/2012,1,CT,1,0.69
86829,205,41,4107,105030050,17737,4/4/2012,15,OZ,1,1.59
86830,205,63,6315,101116616,15266,4/4/2012,128,OZ,3,11.37
86831,205,5,501,104240040,40317,4/4/2012,16.5,OZ,1,3.29
86832,205,73,7312,1031011939,1488,4/4/2012,0.5,OZ,1,5.59
86833,205,41,4120,102400020,3988,4/4/2012,6,OZ,1,0.89
86834,205,21,2106,104175545,10177,4/4/2012,64,OZ,1,3.59
86835,205,9,907,107518575,11221,4/4/2012,18,OZ,1,3.79
86836,205,63,6315,1074236575,8499,4/4/2012,64,OZ,1,4.59
86837,205,56,5610,107015777,18691,4/4/2012,4.25,OZ,1,2.99
86838,205,59,5902,101116616,15266,4/4/2012,8,OZ,1,1.89
86839,205,5,501,101116616,15266,4/4/2012,18,OZ,1,3.79
86840,205,64,6401,108834585,12595,4/4/2012,72,OZ,1,8.29
86841,205,55,5552,107756777,2347,4/4/2012,48,OZ,1,5.39
86842,205,26,2628,105400050,16048,4/4/2012,1,RL,1,1
86843,205,9,917,1089097181,63469,4/4/2012,15,OZ,1,2.09
86844,205,64,6409,108500080,15037,4/4/2012,0.75,LT,1,9.29
86845,205,41,4108,102880020,7907,4/4/2012,15.5,OZ,2,2.3
86846,205,58,5812,104470040,13310,4/4/2012,16,OZ,2,10.38
86847,205,8,803,101116616,15266,4/4/2012,8,OZ,1,1.19
86848,205,64,6401,107231171,5150,4/4/2012,72,OZ,1,7.79
86849,205,56,5615,102100020,4218,4/4/2012,10,OZ,1,5.49
86850,205,26,2634,103700030,3293,4/4/2012,4,RL,1,3.75
86851,205,9,902,104400040,12279,4/4/2012,16,OZ,1,3.59
86852,205,97,9753,1022020121,0,4/4/2012,1,CT,1,8.06
86853,205,55,5556,107756777,2347,4/4/2012,48,OZ,1,5.39
86854,205,57,5710,1068954464,6086,4/4/2012,5.3,OZ,5,7.95
86855,205,5,516,101600010,12426,4/4/2012,8.9,OZ,1,3.69
86856,205,64,6409,108678585,17449,4/4/2012,0.75,LT,1,8.69
86857,205,9,908,107731777,17055,4/4/2012,22,OZ,1,3.99
86858,205,25,2509,101116616,15266,4/4/2012,32,OZ,1,2.69
86859,205,8,814,102066222,12598,4/4/2012,16,OZ,1,2.79
86860,205,64,6401,108066080,4098,4/4/2012,72,OZ,1,8.49
86861,205,9,902,104400040,15335,4/4/2012,15.1,OZ,1,3.99
86862,205,56,5617,102100020,9886,4/4/2012,48,OZ,1,14.79
86863,205,6,601,105000050,12547,4/4/2012,7.1,OZ,1,1.59
86864,205,73,7344,101650010,25043,4/4/2012,36,CT,1,5.19
86865,205,8,801,101300010,8164,4/4/2012,14,OZ,1,1.79
86866,205,18,1850,102120020,16044,4/4/2012,1,CT,1,1
86867,205,5,501,101600010,3331,4/4/2012,8.9,OZ,1,3.89
86868,205,73,7344,102429121,7890,4/4/2012,4,CT,1,1
86869,205,7,707,1078778070,12564,4/4/2012,12,OZ,1,7.59
86870,205,56,5617,102100020,9886,4/4/2012,16,OZ,1,5.49
86871,205,4,405,101116616,15266,4/4/2012,16,OZ,1,1.99
86872,205,73,7344,103700030,14466,4/4/2012,14,CT,1,12.59
86873,205,5,501,101600010,3331,4/4/2012,17,OZ,1,5.09
86874,205,21,2105,105200050,7054,4/4/2012,160,OZ,1,5.49
86875,205,8,805,105440050,23210,4/4/2012,15,OZ,1,5.39
86876,205,63,6305,101630010,6509,4/4/2012,59,OZ,1,4.49
86877,205,7,707,102550020,6550,4/4/2012,10.3,OZ,1,5.39
86878,205,19,1908,105150050,16728,4/4/2012,16,OZ,1,3.89
86879,205,33,3309,102840020,18584,4/4/2012,13,OZ,1,3.99
86880,205,23,2301,101116616,15266,4/4/2012,16,OZ,1,1
86881,205,29,2902,105100050,2820,4/4/2012,19,OZ,2,5.98
86882,205,34,3411,107940070,17521,4/4/2012,12,OZ,2,4.98
86883,205,33,3303,102068525,2892,4/4/2012,8,OZ,1,3.79
86884,205,36,3618,107800070,4944,4/4/2012,67.6,OZ,3,5.07
86885,205,27,2710,103320030,875,4/4/2012,14,LB,1,6.99
86886,205,36,3618,104900040,23359,4/4/2012,144,OZ,1,5.79
86887,205,29,2914,102100020,19279,4/4/2012,24,OZ,1,5.89
86888,205,36,3611,108265787,4687,4/4/2012,202.8,OZ,1,4.49
86889,205,30,3010,102066222,12598,4/4/2012,16,OZ,1,3.99
86890,205,37,3703,101116616,15266,4/4/2012,10.75,OZ,2,2.18
86891,205,33,3302,102700020,57417,4/4/2012,9.9,OZ,1,3.39
86892,205,41,4105,101116616,15266,4/4/2012,14.5,OZ,1,1.39
86893,205,36,3601,104900040,3809,4/4/2012,20,OZ,1,1.69
86894,205,41,4105,102400020,4704,4/4/2012,28,OZ,1,2.19
86895,205,33,3305,102840020,5141,4/5/2012,11.5,OZ,1,4.29
86896,205,41,4107,102400020,4704,4/5/2012,14.5,OZ,3,5.18
86897,205,33,3307,102900020,14112,4/5/2012,16,OZ,1,4.89
86898,205,36,3611,108265787,4687,4/5/2012,101.4,OZ,1,1
86899,205,33,3308,102840020,3336,4/5/2012,9.75,OZ,1,3.49
86900,205,37,3707,105100050,17812,4/5/2012,26,OZ,5,15.45
86901,205,30,3001,102100020,9886,4/5/2012,22,OZ,1,5.39
86902,205,41,4107,101116616,15266,4/5/2012,15,OZ,1,1.59
86903,205,99,9908,103338333,33170,4/5/2012,16,OZ,1,2.49
86904,205,33,3351,1075491878,14283,4/5/2012,7,OZ,2,7.78
86905,205,56,5609,102100020,2321,4/5/2012,24,OZ,1,3.79
86906,205,72,7214,101254616,18738,4/5/2012,18,CT,2,2.58
86907,205,99,9908,103338333,33170,4/5/2012,24,OZ,2,2.98
86908,205,63,6315,101116616,15266,4/5/2012,64,OZ,1,2.69
86909,205,9,901,1070897171,10653,4/5/2012,13.5,OZ,1,3.59
86910,205,63,6330,101116616,15266,4/5/2012,16,OZ,1,2.39
86911,205,56,5615,107592575,4368,4/5/2012,16,OZ,1,5.89
86912,205,18,1835,104460040,9709,4/5/2012,16.6,LB,1,11.89
86913,205,4,427,103400030,8682,4/5/2012,1.5,OZ,2,3.98
86914,205,63,6320,102685525,7667,4/5/2012,12,CT,1,1.89
86915,205,55,5556,107756777,2347,4/5/2012,48,OZ,2,10.78
86916,205,63,6305,104850040,18799,4/5/2012,59,OZ,1,4.89
86917,205,9,901,103010030,15828,4/5/2012,13,OZ,0,0
86918,205,97,9753,10000,0,4/5/2012,1,CT,1,3.67
86919,205,41,4108,103940030,71386,4/5/2012,16,OZ,1,1.29
86920,205,24,2415,103760030,11238,4/5/2012,15,OZ,1,1.99
86921,205,4,416,103400030,15113,4/5/2012,1.2,OZ,2,1.38
86922,205,97,9709,1076746979,4607,4/5/2012,1,CT,2,2
86923,205,9,908,107626575,35996,4/5/2012,18,OZ,1,3.29
86924,205,57,5704,105360050,10074,4/5/2012,6,OZ,4,3.56
86925,205,4,419,107726070,15624,4/5/2012,3,OZ,2,3.18
86926,205,26,2634,103600030,4139,4/5/2012,6,RL,1,3.99
86927,205,16,1604,101254616,18738,4/5/2012,18,CT,2,2.58
86928,205,57,5707,107047070,20230,4/5/2012,16,OZ,1,2.49
86929,205,4,410,107097070,13717,4/5/2012,3,OZ,1,1.29
86930,205,26,2628,103700030,2248,4/5/2012,1,RL,1,2.39
86931,205,9,902,102410020,44209,4/5/2012,13.7,OZ,1,4.49
86932,205,63,6315,107996777,31373,4/5/2012,128,OZ,1,4.99
86933,205,4,417,103400030,15113,4/5/2012,2.4,OZ,1,1.19
86934,205,25,2506,104127141,26189,4/5/2012,16,OZ,2,4.58
86935,205,9,902,103010030,47346,4/5/2012,16,OZ,1,3.99
86936,205,18,1898,103980030,5782,4/5/2012,4,CT,1,5.29
86937,205,8,803,104150040,6714,4/5/2012,14,OZ,1,2.09
86938,205,26,2628,105400050,16048,4/5/2012,1,RL,1,1
86939,205,14,1404,101116616,15266,4/5/2012,24,OZ,1,1.99
86940,205,21,2117,108768484,2903,4/5/2012,60,OZ,1,3.39
86941,205,4,416,104126949,13467,4/5/2012,3,OZ,1,0.99
86942,205,26,2606,105543757,11482,4/5/2012,40,CT,1,2.39
86943,205,9,901,1087627484,24123,4/5/2012,10.5,OZ,1,1
86944,205,19,1905,1085736181,13478,4/5/2012,16,OZ,1,1.29
86945,205,4,418,103400030,2689,4/5/2012,4.8,OZ,1,2.59
86946,205,26,2631,103600030,4139,4/5/2012,140,CT,1,7.89
86947,205,16,1601,101254616,2481,4/5/2012,5,CT,2,1.58
86948,205,7,707,102550020,6550,4/5/2012,10.8,OZ,1,4.89
86949,205,9,902,1089044484,10211,4/5/2012,6,OZ,1,2.99
86950,205,63,6315,1074236575,8499,4/6/2012,64,OZ,1,4.59
86951,205,99,9908,103338333,33170,4/6/2012,16,OZ,1,1.89
86952,205,63,6313,107020070,11244,4/6/2012,15.5,OZ,1,3.89
86953,205,55,5552,107144171,7675,4/6/2012,48,OZ,1,5.09
86954,205,64,6401,108992484,20251,4/6/2012,288,OZ,1,17.29
86955,205,8,803,101116616,15266,4/6/2012,8,OZ,1,1.19
86956,205,26,2615,103600030,9878,4/6/2012,18,CT,1,3.55
86957,205,16,1604,102200020,6021,4/6/2012,15,CT,1,1.29
86958,205,97,9753,10000,0,4/6/2012,1,CT,1,0.69
86959,205,4,416,103400030,8247,4/6/2012,1.55,OZ,4,2
86960,205,59,5902,103450030,10165,4/6/2012,16,OZ,1,3.89
86961,205,16,1604,101254616,18738,4/6/2012,18,CT,1,1.29
86962,205,63,6311,104180040,19713,4/6/2012,64,OZ,1,3.09
86963,205,8,803,106414464,7770,4/6/2012,12,OZ,1,2.69
86964,205,33,3305,102840020,18584,4/6/2012,9.75,OZ,1,3.99
86965,205,9,901,1070640979,33170,4/6/2012,1.8,OZ,1,1.99
86966,205,33,3303,104178040,19154,4/6/2012,3.5,OZ,1,1
86967,205,4,410,107097070,13717,4/6/2012,3,OZ,3,3.87
86968,205,30,3008,107110070,8280,4/6/2012,8,OZ,1,2.39
86969,205,9,901,1070897171,10653,4/6/2012,15,OZ,1,3.89
86970,205,28,2806,105410050,19509,4/6/2012,16,OZ,1,3.39
86971,205,8,821,104139040,9659,4/6/2012,15,OZ,2,5.98
86972,205,33,3312,103700030,14494,4/6/2012,6.41,OZ,1,1.99
86973,205,0,0,10000,20405,4/6/2012,0,,1,1.29
86974,205,36,3611,104113040,17690,4/6/2012,101.4,OZ,1,1.89
86975,205,8,826,107550070,18204,4/6/2012,12,OZ,1,1.79
86976,205,8,801,101300010,8164,4/6/2012,14,OZ,1,1.79
86977,205,8,807,107460979,9524,4/6/2012,18,OZ,1,1.5
86978,205,4,405,1076020373,55784,4/6/2012,9,OZ,1,1
86979,205,32,3203,106414464,13474,4/7/2012,5,OZ,1,3.69
86980,205,99,9908,103338333,33170,4/7/2012,8,OZ,2,4.38
86981,205,63,6320,107794373,61360,4/7/2012,12,CT,3,7.17
86982,205,56,5614,104171646,6769,4/7/2012,12,OZ,1,4.59
86983,205,25,2509,101116616,15266,4/7/2012,16,OZ,1,1.49
86984,205,9,921,102560020,18051,4/7/2012,4,OZ,2,2.58
86985,205,64,6401,101820010,2510,4/7/2012,216,OZ,2,27.98
86986,205,2,201,105150050,14029,4/7/2012,18.9,OZ,1,2.19
86987,205,56,5620,107592575,4368,4/7/2012,8,OZ,1,3.19
86988,205,3,311,105210050,2732,4/7/2012,4.25,OZ,1,2.49
86989,205,64,6409,101323212,41191,4/7/2012,0.75,LT,1,12.99
86990,205,36,3604,107800070,16023,4/7/2012,48,OZ,1,2.99
86991,205,25,2503,105000050,32115,4/7/2012,16,OZ,1,3.59
86992,205,36,3611,108265787,4687,4/7/2012,405.6,OZ,1,6.29
86993,205,63,6330,101116616,15266,4/7/2012,8,OZ,1,1.79
86994,205,35,3504,103500030,13470,4/7/2012,20,OZ,1,3.19
86995,205,63,6305,104850040,18799,4/7/2012,59,OZ,1,4.89
86996,205,63,6328,102016929,16492,4/7/2012,20,OZ,2,5.58
86997,205,21,2109,104180040,19713,4/7/2012,64,OZ,1,4.89
86998,205,36,3632,104113040,17690,4/8/2012,33.8,OZ,1,1.39
86999,205,64,6408,108072080,7265,4/8/2012,1.5,LT,1,4.99
87000,205,31,3110,101600010,1756,4/8/2012,4.1,OZ,1,1.99
87001,205,60,6012,101800010,14029,4/8/2012,17.5,OZ,1,3.99
87002,205,30,3008,104133545,43106,4/8/2012,9,OZ,1,2.19
87003,205,97,9707,107169171,15583,4/8/2012,2,CT,2,3
87004,205,99,9908,103338333,33170,4/8/2012,16,OZ,1,2.59
87005,205,56,5620,107592575,4368,4/8/2012,8,OZ,1,3.19
87006,205,45,4509,104440040,7504,4/8/2012,7.1,OZ,2,7.98
87007,205,97,9753,1020099929,0,4/8/2012,1,CT,2,6.6
87008,205,9,922,102430020,10577,4/8/2012,13.12,OZ,1,1.79
87009,205,60,6011,101800010,14029,4/8/2012,16.3,OZ,1,2.2
87010,205,8,810,101116616,15266,4/8/2012,2.5,OZ,2,2.78
87011,205,97,9753,1020800020,0,4/8/2012,1,CT,1,6.99
87012,205,63,6312,102500020,2362,4/8/2012,59,OZ,1,1.49
87013,205,36,3633,109879494,17367,4/9/2012,48,OZ,1,3.59
87014,205,64,6408,108072080,7265,4/9/2012,1.5,LT,1,4.99
87015,205,39,3903,103000030,1058,4/9/2012,12,OZ,1,2.99
87016,205,25,2509,101116616,15266,4/9/2012,32,OZ,2,5.18
87017,205,35,3504,104113040,28204,4/9/2012,25,OZ,1,0.99
87018,205,56,5620,101116616,15266,4/9/2012,8,OZ,1,2.99
87019,205,63,6315,107996777,31373,4/9/2012,128,OZ,1,4.99
87020,205,33,3305,102840020,18584,4/10/2012,10,OZ,1,3.99
87021,205,72,7209,1030813737,14982,4/10/2012,55,YD,1,1.49
87022,205,41,4110,103940030,71386,4/10/2012,28,OZ,1,2.49
87023,205,26,2633,103040030,683,4/10/2012,4,RL,1,1.99
87024,205,9,908,107731777,17055,4/10/2012,22,OZ,1,3.99
87025,205,64,6401,101820010,2510,4/10/2012,72,OZ,1,6.79
87026,205,0,0,10000,0,4/10/2012,0,,1,-0.99
87027,205,63,6315,101116616,15266,4/10/2012,32,OZ,1,1.59
87028,205,64,6409,108500080,11770,4/10/2012,0.75,LT,1,10.29
87029,205,25,2509,107996777,31373,4/10/2012,16,OZ,1,1.99
87030,205,63,6399,107731777,33170,4/10/2012,22,OZ,1,4.89
87031,205,64,6401,101820010,2510,4/10/2012,216,OZ,1,13.99
87032,205,41,4105,101116616,15266,4/12/2012,14.75,OZ,2,2.78
87033,205,58,5823,107367575,3012,4/12/2012,5,OZ,2,1.98
87034,205,35,3509,109451494,20153,4/12/2012,75,OZ,1,3.39
87035,205,73,7309,104116343,5845,4/12/2012,12,OZ,1,2.99
87036,205,36,3611,104113040,17690,4/12/2012,405.6,OZ,1,3.99
87037,205,26,2628,105400050,16048,4/12/2012,1,RL,4,4
87038,205,56,5610,101116616,15266,4/12/2012,8,OZ,1,3.29
87039,205,97,9753,1022020121,0,4/12/2012,1,CT,1,6.3
87040,205,9,908,107626575,35996,4/12/2012,18,OZ,1,3.29
87041,205,58,5823,107367575,3012,4/12/2012,4,OZ,1,0.99
87042,205,8,807,102100020,9886,4/12/2012,18,OZ,1,1
87043,205,26,2626,101258717,7245,4/12/2012,1,CT,1,3.69
87044,205,9,907,107518575,11221,4/12/2012,18,OZ,1,3.49
87045,205,58,5827,107389070,17549,4/12/2012,16,OZ,1,3.79
87046,205,12,1205,108000080,17292,4/12/2012,5,OZ,2,2
87047,205,26,2617,101090010,15232,4/12/2012,1,CT,1,9.29
87048,205,33,3303,104178040,19154,4/13/2012,8,OZ,1,3.49
87049,205,75,7504,104116747,2551,4/13/2012,6,OZ,1,10.15
87050,205,55,5556,104113040,28204,4/13/2012,128,OZ,1,5.49
87051,205,63,6315,101116616,15266,4/13/2012,128,OZ,1,3.79
87052,205,9,911,104113040,15294,4/13/2012,5,OZ,1,2.09
87053,205,70,7005,104650040,12977,4/13/2012,18,OZ,1,6.69
87054,205,12,1205,108000080,17292,4/13/2012,5,OZ,1,1
87055,205,23,2301,104113040,28204,4/14/2012,12,OZ,1,0.69
87056,205,99,9904,103338333,33170,4/14/2012,48,OZ,1,3.59
87057,205,64,6408,108072080,7265,4/14/2012,1.5,LT,1,4.99
87058,205,55,5555,107684070,32094,4/14/2012,16,OZ,2,10.38
87059,205,58,5813,1078533171,7796,4/14/2012,16,OZ,1,1.5
87060,205,97,9753,1022033929,0,4/14/2012,1,CT,1,10.5
87061,205,97,9753,1021015020,0,4/14/2012,1,CT,1,8.63
87062,205,3,310,102900020,14112,4/14/2012,2.25,OZ,1,2.19
87063,205,26,2628,103700030,2248,4/14/2012,1,RL,1,1
87064,205,99,9909,107127979,6732,4/14/2012,10,OZ,1,3.69
87065,205,63,6320,102685525,7667,4/14/2012,30,CT,1,2.99
87066,205,47,4704,102500020,11749,4/14/2012,12,OZ,1,1.69
87067,205,58,5835,107590070,2073,4/14/2012,16,OZ,1,3.99
87068,205,99,9908,103338333,33170,4/14/2012,160,OZ,1,5.99
87069,205,64,6401,101820010,2510,4/14/2012,216,OZ,1,13.99
87070,205,9,907,107021070,69929,4/14/2012,24,OZ,1,1.09
87071,205,26,2609,104116343,8435,4/14/2012,40,CT,1,1
87072,205,99,9908,103338333,33170,4/14/2012,8,OZ,1,2.09
87073,205,97,9753,1022020121,0,4/14/2012,1,CT,1,7.5
87074,205,56,5604,107015777,18691,4/14/2012,5,OZ,1,2.99
87075,205,63,6315,107996777,31373,4/14/2012,32,OZ,1,1.99
87076,205,8,802,103030030,3100,4/14/2012,10,OZ,1,0.99
87077,205,63,6316,101116616,15266,4/14/2012,8,OZ,1,1.19
87078,205,47,4701,101116616,15266,4/14/2012,12,OZ,1,1.99
87079,205,26,2633,105400050,16048,4/14/2012,1,RL,2,2.58
87080,205,12,1202,107049070,61330,4/14/2012,14.75,OZ,1,3.69
87081,205,63,6328,102016929,16492,4/14/2012,20,OZ,1,2.79
87082,205,55,5556,104113040,28204,4/14/2012,128,OZ,1,5.49
87083,205,23,2301,102920020,12168,4/14/2012,16,OZ,1,1.79
87084,205,4,416,103400030,8247,4/14/2012,1.45,OZ,1,0.99
87085,205,25,2504,101116616,15266,4/14/2012,12,OZ,2,2.58
87086,205,9,904,101116616,15266,4/14/2012,5,OZ,1,1.59
87087,205,36,3604,104113040,17690,4/14/2012,67.6,OZ,1,1.39
87088,205,8,810,107110070,8280,4/14/2012,1,OZ,1,1.59
87089,205,38,3801,104113040,28204,4/14/2012,4,LB,1,2.79
87090,205,29,2920,102970020,8711,4/14/2012,4,OZ,1,1.59
87091,205,36,3630,107800070,5208,4/14/2012,144,OZ,1,4.99
87092,205,29,2904,101530010,13610,4/14/2012,6.2,OZ,2,2
87093,205,32,3202,104113040,28204,4/14/2012,48,OZ,1,3.09
87094,205,33,3303,104166444,7179,4/14/2012,16,OZ,1,3.49
87095,205,29,2928,101530010,58299,4/14/2012,7.2,OZ,1,1.69
87096,205,29,2928,107142979,20299,4/14/2012,8,OZ,1,2.29
87097,205,30,3008,104100040,19975,4/14/2012,16,OZ,1,3.09
87098,205,99,9904,103338333,33170,4/15/2012,64,OZ,1,3.99
87099,205,30,3001,104800141,8178,4/15/2012,30,OZ,1,5.99
87100,205,9,907,107312474,18613,4/15/2012,10,OZ,2,5.18
87101,205,63,6332,104850040,61745,4/15/2012,59,OZ,1,3.49
87102,205,8,801,101300010,8164,4/15/2012,32,OZ,1,3.09
87103,205,33,3312,103700030,14494,4/15/2012,6.38,OZ,1,1.99
87104,205,4,418,103400030,57369,4/15/2012,12,OZ,1,4.29
87105,205,33,3312,103700030,14494,4/15/2012,6.34,OZ,1,1.99
87106,205,36,3618,101200010,23361,4/15/2012,20,OZ,1,1.59
87107,205,59,5907,104113040,28204,4/16/2012,16,OZ,3,1.99
87108,205,34,3406,103700030,8993,4/16/2012,9.3,OZ,1,1.69
87109,205,64,6408,108072080,7265,4/16/2012,1.5,LT,1,4.99
87110,205,36,3601,101200010,13794,4/16/2012,144,OZ,1,3.99
87111,205,71,7106,104815545,13864,4/16/2012,13.5,OZ,1,1
87112,205,36,3638,1073951070,16807,4/16/2012,20,OZ,1,1.49
87113,205,97,9753,1020012323,0,4/16/2012,1,CT,2,7.81
87114,205,35,3509,103320030,875,4/16/2012,50,OZ,1,5.89
87115,205,8,801,101116616,15266,4/16/2012,24,OZ,1,1.67
87116,205,36,3612,104113040,17690,4/19/2012,128,OZ,1,1.09
87117,205,8,809,103900030,10383,4/19/2012,15,OZ,1,1.69
87118,205,58,5827,107389070,17549,4/19/2012,16,OZ,1,3.79
87119,205,64,6408,108072080,7265,4/19/2012,1.5,LT,1,4.99
87120,205,36,3601,104900040,3809,4/20/2012,144,OZ,4,23.16
87121,205,18,1898,104133343,5379,4/20/2012,4,CT,1,5.35
87122,205,36,3618,104900040,23359,4/20/2012,144,OZ,4,23.16
87123,205,63,6315,1074236575,8499,4/20/2012,64,OZ,1,4.59
87124,205,36,3626,104900040,17186,4/20/2012,144,OZ,2,11.58
87125,205,25,2508,102529323,16410,4/20/2012,64,OZ,1,3.79
87126,205,36,3630,104900040,12086,4/20/2012,144,OZ,2,11.58
87127,205,63,6320,1076912373,2209,4/20/2012,12,CT,1,3.39
87128,205,36,3611,108265787,4687,4/20/2012,405.6,OZ,1,6.29
87129,205,10,1011,104300040,26232,4/20/2012,22.5,OZ,1,3.79
87130,205,4,427,103400030,8682,4/20/2012,1.5,OZ,1,1.99
87131,205,56,5620,107592575,4368,4/21/2012,8,OZ,1,3.19
87132,205,55,5562,104148343,9547,4/21/2012,48,OZ,1,5.29
87133,205,26,2619,104116343,8435,4/21/2012,20,CT,1,5.29
87134,205,9,901,1081612080,36616,4/21/2012,12.4,OZ,1,2.99
87135,205,60,6011,101800010,14029,4/21/2012,16.3,OZ,1,2.2
87136,205,45,4509,1088505080,54337,4/21/2012,32,OZ,1,16.99
87137,205,21,2106,103120030,12957,4/21/2012,64,OZ,1,3.99
87138,205,8,836,101116616,15266,4/21/2012,64,OZ,1,2.59
87139,205,59,5902,101116616,15266,4/21/2012,8,OZ,1,1.89
87140,205,55,5556,107756777,2347,4/21/2012,48,OZ,1,5.39
87141,205,21,2112,101116616,15266,4/21/2012,48,OZ,1,4.09
87142,205,14,1411,102400020,4704,4/21/2012,20,OZ,2,3.78
87143,205,31,3101,105250050,15919,4/21/2012,3,OZ,1,2.99
87144,205,8,807,101300010,9031,4/21/2012,19,OZ,1,2.99
87145,205,33,3303,104178040,19154,4/21/2012,10,OZ,1,4.29
87146,205,10,1013,102400020,4704,4/21/2012,18,OZ,2,5.98
87147,205,33,3313,104178040,19154,4/21/2012,8.5,OZ,1,2.99
87148,205,8,838,107357070,8185,4/21/2012,5,OZ,1,1.49
87149,205,9,902,104400040,15335,4/21/2012,13.7,OZ,1,3.99
87150,205,8,801,104113040,28204,4/21/2012,24,OZ,1,0.99
87151,205,64,6408,108072080,7265,4/22/2012,1.5,LT,1,4.99
87152,205,55,5556,107756777,2347,4/24/2012,48,OZ,1,5.39
87153,205,63,6315,101116616,15266,4/24/2012,128,OZ,1,3.79
87154,205,14,1404,101480010,12021,4/24/2012,23.4,OZ,1,2.59
87155,205,21,2106,103120030,12957,4/24/2012,64,OZ,1,3.99
87156,205,55,5562,104148343,9547,4/24/2012,48,OZ,1,5.29
87157,205,33,3350,107041171,22182,4/24/2012,3.25,OZ,4,21.16
87158,205,0,0,10000,0,4/24/2012,0,,1,-1.68
87159,205,36,3612,104113040,17690,4/24/2012,128,OZ,1,1.09
87160,205,9,901,104400040,13243,4/24/2012,4,OZ,1,1.49
87161,205,33,3307,102900020,14112,4/24/2012,16,OZ,1,4.89
87162,205,5,516,103000030,14760,4/24/2012,6.5,OZ,2,6.58
87163,205,15,1506,104114343,17593,4/24/2012,7,OZ,3,9.27
87164,205,4,416,103400030,8247,4/24/2012,3.92,OZ,3,5.67
87165,205,9,916,107012979,4875,4/24/2012,5.25,OZ,2,6.5
87166,205,5,516,101600010,12426,4/24/2012,8.9,OZ,3,11.07
87167,205,9,901,104400040,3453,4/24/2012,4,OZ,1,1.49
87168,205,7,702,102800020,18041,4/24/2012,1.55,OZ,3,11.97
87169,205,9,907,101410010,13791,4/24/2012,24,OZ,1,3.99
87170,205,36,3626,104900040,17186,4/25/2012,67.6,OZ,1,1.89
87171,205,53,5307,101116616,15266,4/25/2012,32,OZ,2,7.38
87172,205,36,3601,104113040,17690,4/25/2012,67.6,OZ,1,1.39
87173,205,8,807,102100020,9886,4/25/2012,18,OZ,1,1.79
87174,205,33,3316,101600010,3397,4/25/2012,8.75,OZ,1,2.79
87175,205,9,907,107021070,69929,4/25/2012,24,OZ,1,1.09
87176,205,37,3703,105100050,2820,4/25/2012,11,OZ,2,3.58
87177,205,71,7102,104815545,13864,4/25/2012,15,OZ,1,1
87178,205,33,3308,104178040,19154,4/25/2012,4.25,OZ,1,1.69
87179,205,58,5827,107080070,9078,4/25/2012,16,OZ,1,2.99
87180,205,81,8101,102820020,11186,4/25/2012,1,CT,1,3.69
87181,205,19,1906,105150050,16728,4/25/2012,10,OZ,1,2.89
87182,205,64,6408,108072080,7265,4/25/2012,1.5,LT,1,4.99
87183,205,63,6315,101116616,15266,4/25/2012,64,OZ,2,5.38
87184,205,26,2622,102570020,20361,4/25/2012,20,CT,1,2.79
87185,205,60,6012,101116616,15266,4/25/2012,12.4,OZ,1,2.79
87186,205,19,1905,105150050,16728,4/25/2012,12,OZ,1,2.89
87187,205,64,6408,108072080,7265,4/26/2012,1.5,LT,1,4.99
87188,205,75,7520,1079336676,15541,4/26/2012,400,CT,1,1
87189,205,36,3611,104113040,17690,4/27/2012,405.6,OZ,1,5.09
87190,205,63,6315,101116616,15266,4/27/2012,32,OZ,1,1.69
87191,205,44,4404,101800010,14029,4/27/2012,25,OZ,1,3.79
87192,205,97,9753,1021011626,0,4/27/2012,1,CT,1,3.93
87193,205,56,5607,102100020,13967,4/27/2012,8,OZ,1,2.59
87194,205,26,2628,103700030,2248,4/27/2012,1,RL,1,1
87195,205,55,5562,104148343,9547,4/27/2012,48,OZ,1,5.29
87196,205,63,6319,102073525,18893,4/27/2012,128,OZ,1,2.99
87197,205,44,4407,103542737,14964,4/27/2012,24,OZ,1,3.99
87198,205,57,5710,107835474,2675,4/27/2012,32,OZ,1,4.49
87199,205,59,5902,101116616,15266,4/27/2012,16,OZ,1,3.39
87200,205,59,5907,101116616,15266,4/27/2012,8,OZ,1,1.09
87201,205,0,0,10000,0,4/28/2012,0,,2,3.15
87202,205,64,6409,108500080,21196,4/28/2012,0.75,LT,1,10.29
87203,205,54,5403,107142171,54806,4/28/2012,14.8,OZ,1,4.39
87204,205,24,2415,103900030,10383,4/28/2012,12,OZ,1,5.89
87205,205,9,907,107518575,11221,4/28/2012,15,OZ,1,3.49
87206,205,64,6409,108981989,21984,4/28/2012,0.75,LT,1,4.99
87207,205,51,5121,104369545,8522,4/28/2012,9,OZ,12,34.68
87208,205,58,5827,107175575,9933,4/28/2012,24,OZ,1,6.99
87209,205,50,5002,103100030,1358,4/28/2012,7,OZ,4,4.36
87210,205,63,6320,107723676,27247,4/28/2012,12,CT,1,2.39
87211,205,56,5615,101116616,15266,4/28/2012,8,OZ,1,2.69
87212,205,24,2407,103900030,10383,4/28/2012,5,OZ,5,4.45
87213,205,49,4901,101312010,26885,4/28/2012,30,OZ,1,3.6
87214,205,58,5824,107754171,17301,4/28/2012,16,OZ,1,2.99
87215,205,31,3101,105210050,11382,4/28/2012,0.26,OZ,1,1.99
87216,205,22,2201,104116343,8435,4/28/2012,96,OZ,1,2.39
87217,205,36,3618,104900040,23359,4/28/2012,20,OZ,1,1.69
87218,205,58,5835,107080070,9078,4/28/2012,16,OZ,1,1.5
87219,205,33,3315,102900020,14112,4/28/2012,6,OZ,2,5.38
87220,205,35,3504,104113040,28204,4/28/2012,25,OZ,1,0.99
87221,205,29,2902,103760030,8501,4/29/2012,15,OZ,2,3
87222,205,37,3705,105100050,2820,4/29/2012,18.6,OZ,2,3
87223,205,29,2914,102100020,9886,4/29/2012,5.5,OZ,3,4.47
87224,205,40,4001,101116616,15266,4/29/2012,640,OZ,1,5.89
87225,205,33,3302,107615070,194,4/29/2012,8.25,OZ,2,4.58
87226,205,34,3411,107940070,17521,4/29/2012,12,OZ,1,2.49
87227,205,29,2903,106414464,3342,4/29/2012,15,OZ,5,7.48
87228,205,35,3509,103320030,875,4/29/2012,50,OZ,2,11.78
87229,205,33,3308,104178040,19154,4/29/2012,4.5,OZ,1,1.69
87230,205,38,3801,104920040,5098,4/29/2012,2,LB,1,1.89
87231,205,33,3303,104178040,19154,4/29/2012,10,OZ,2,8.58
87232,205,37,3709,104178949,11224,4/29/2012,3,OZ,12,4.14
87233,205,29,2903,105100050,72482,4/29/2012,14.75,OZ,3,4.47
87234,205,35,3504,104815545,14363,4/29/2012,25,OZ,1,1
87235,205,8,817,102700020,8612,4/29/2012,24,OZ,2,3.38
87236,205,81,8101,1070892676,43344,4/29/2012,1,CT,4,11.96
87237,205,41,4107,104113040,28204,4/29/2012,14.5,OZ,4,2.52
87238,205,26,2622,104116343,8435,4/29/2012,40,CT,1,1.59
87239,205,9,921,101128414,9209,4/29/2012,4,OZ,4,3
87240,205,70,7002,104116343,5845,4/29/2012,10,CT,1,1.79
87241,205,5,519,103000030,14760,4/29/2012,15.1,OZ,1,3.99
87242,205,63,6315,101116616,15266,4/29/2012,64,OZ,1,2.69
87243,205,9,902,102410020,44209,4/29/2012,13.7,OZ,2,9.58
87244,205,70,7002,104116343,5845,4/29/2012,1,CT,2,3.18
87245,205,5,516,101116616,15266,4/29/2012,8.9,OZ,2,5.78
